Sample;Timestamp;PS mW;PL mW;MGT mW;Total mW
0;1706201354.871808863;1811.317017;2375.404053;188.253006;4374.974121
1;1706201354.891872814;1568.175049;2373.664062;188.347000;4130.186035
2;1706201354.911932915;1573.313965;2372.000977;189.511993;4134.827148
3;1706201354.931991996;1545.926025;2373.589111;189.404007;4108.918945
4;1706201354.952050567;1557.239990;2375.945068;189.498001;4122.683105
5;1706201354.972110627;1579.511963;2372.784912;190.363998;4142.661133
6;1706201354.992169928;1545.413940;2379.258057;192.807007;4117.479004
7;1706201355.012229499;1560.670044;2374.560059;188.268997;4123.499023
8;1706201355.032288810;1552.951050;2374.118896;187.917999;4114.987793
9;1706201355.052348200;1581.451050;2372.019043;190.395996;4143.866211
10;1706201355.072408111;1546.771973;2374.298096;188.347000;4109.416992
11;1706201355.092467072;1564.572021;2375.914062;189.559998;4130.045898
12;1706201355.112526463;1581.131958;2380.058105;191.582001;4152.771973
13;1706201355.132585334;1528.657959;2374.773926;189.542999;4092.974854
14;1706201355.152644484;1558.485962;2374.205078;190.427002;4123.118164
15;1706201355.172704175;1563.160034;2380.025879;193.658005;4136.843750
16;1706201355.192762886;1582.046021;2377.759033;190.380005;4150.185059
17;1706201355.212821376;1554.232056;2377.593018;192.807007;4124.631836
18;1706201355.232880637;1554.822998;2377.689941;191.292007;4123.804688
19;1706201355.252939218;1579.985962;2375.406982;189.496002;4144.889160
20;1706201355.272998959;1542.099976;2373.356934;189.511993;4104.968750
21;1706201355.293058300;1541.984009;2379.177979;192.414001;4113.576172
22;1706201355.313116630;1572.675049;2383.580078;193.643997;4149.899414
23;1706201355.333175311;1540.755981;2377.697021;189.511993;4107.964844
24;1706201355.353234672;1558.978027;2377.759033;190.393005;4127.129883
25;1706201355.373294042;1563.692017;2371.110107;190.410004;4125.211914
26;1706201355.393352743;1573.107056;2375.962891;190.460999;4139.530762
27;1706201355.413411764;1527.663940;2376.127930;188.268997;4092.061035
28;1706201355.433470445;1562.180054;2377.689941;191.292007;4131.162109
29;1706201355.453529125;1577.599976;2375.900879;189.182999;4142.684082
30;1706201355.473588316;1534.745972;2376.842041;189.542999;4101.130859
31;1706201355.493647397;1546.442993;2374.249023;190.363007;4111.055176
32;1706201355.513706848;1566.602051;2380.323975;189.119003;4136.044922
33;1706201355.533765478;1576.725952;2377.854980;193.643997;4148.225098
34;1706201355.553824139;1547.470947;2372.019043;189.494995;4108.985352
35;1706201355.573885030;1561.673950;2375.344971;190.363007;4127.381836
36;1706201355.593944141;1569.441040;2376.337891;190.363007;4136.142090
37;1706201355.614003141;1528.150024;2376.337891;189.529007;4094.017090
38;1706201355.634061762;1556.590942;2371.957031;189.464996;4118.013184
39;1706201355.654120663;1552.468018;2375.945068;189.529007;4117.942383
40;1706201355.674180424;1567.404053;2376.083984;190.929001;4134.416992
41;1706201355.694239304;1549.206055;2374.448975;192.462006;4116.117188
42;1706201355.714298395;1552.843994;2377.697021;190.363007;4120.904297
43;1706201355.734356556;1572.357056;2374.364990;188.285004;4135.006836
44;1706201355.754415386;1534.212036;2380.870117;193.641006;4108.723145
45;1706201355.774475107;1556.223022;2374.498047;189.511993;4120.232910
46;1706201355.794533998;1566.760010;2377.596924;190.363007;4134.719727
47;1706201355.814592739;1586.112061;2374.479980;189.518997;4150.111328
48;1706201355.834651599;1549.654053;2379.455078;189.481995;4118.590820
49;1706201355.854710340;1567.574951;2375.900879;189.167007;4132.642578
50;1706201355.874777292;1597.953979;2375.945068;189.464996;4163.364258
51;1706201355.894842373;1764.250000;2373.712891;189.134995;4327.097656
52;1706201355.914908804;1780.500000;2376.811035;189.481995;4346.792969
53;1706201355.934970555;1798.961060;2373.454102;186.216995;4358.632324
54;1706201355.955036567;1740.465942;2375.991943;190.440994;4306.898926
55;1706201355.975104948;1769.855957;2375.900879;190.315002;4336.071777
56;1706201355.995173490;1760.391968;2379.455078;189.511993;4329.358887
57;1706201356.015239342;1791.219971;2377.040039;192.822998;4361.083008
58;1706201356.035300762;1716.291992;2375.993896;188.330994;4280.617188
59;1706201356.055370984;1814.115967;2375.993896;189.526993;4379.636719
60;1706201356.075434976;1777.791992;2377.792969;194.600998;4350.186035
61;1706201356.095526349;1762.984009;2375.962891;188.332001;4327.278809
62;1706201356.115597721;1850.167969;2374.302002;186.216995;4410.687012
63;1706201356.135659982;1771.951050;2567.715088;189.511993;4529.178223
64;1706201356.155720143;1884.222046;2777.805908;192.807007;4854.834961
65;1706201356.175780934;1839.881958;2756.031982;185.949005;4781.862793
66;1706201356.195840235;1871.843994;2743.999023;188.315994;4804.159180
67;1706201356.215899426;1873.227051;2777.052979;192.190002;4842.469727
68;1706201356.235958086;1845.699951;2757.551025;190.126007;4793.376953
69;1706201356.256017547;1852.477051;2759.363037;189.167007;4801.006836
70;1706201356.276078358;1870.583984;2748.939941;188.315994;4807.839844
71;1706201356.296137609;1884.793945;2772.064941;190.347000;4847.206055
72;1706201356.316197390;1843.551025;2771.168945;190.410004;4805.129883
73;1706201356.336256330;1869.797974;2753.343018;189.511993;4812.652832
74;1706201356.356316391;1878.298950;2744.846924;189.496002;4812.642090
75;1706201356.376376502;1848.177002;2777.693115;190.298996;4816.168945
76;1706201356.396435843;1855.354004;2761.906006;190.427002;4807.687012
77;1706201356.416495494;1866.962036;2766.729980;189.182999;4822.875000
78;1706201356.436554124;1878.451050;2748.124023;189.496002;4816.071289
79;1706201356.456613535;1851.743042;2765.229980;190.410995;4807.383789
80;1706201356.476674546;1860.109009;2756.673096;193.688004;4810.470215
81;1706201356.496733567;1880.005005;2765.198975;189.496002;4834.700195
82;1706201356.516792657;1848.746948;2777.900879;190.363007;4817.010742
83;1706201356.536852218;1857.079956;2761.245117;190.395004;4808.720215
84;1706201356.556912449;1874.644043;2782.077881;191.610992;4848.333008
85;1706201356.576972890;1887.670044;2754.927979;193.658005;4836.255859
86;1706201356.597032801;1848.911987;2765.198975;190.363007;4804.474121
87;1706201356.617092722;1870.244995;2757.500977;189.167007;4816.913086
88;1706201356.637152602;1889.364990;2765.198975;190.363007;4844.926758
89;1706201356.657211713;1848.097046;2736.467041;189.511993;4774.076172
90;1706201356.677272964;1818.447998;2739.858887;189.167007;4747.473633
91;1706201356.697332095;1874.754028;2755.871094;189.529007;4820.154297
92;1706201356.717390916;1836.521973;2762.571045;189.464996;4788.558105
93;1706201356.737449986;1846.913940;2767.590088;191.636993;4806.141113
94;1706201356.757509587;1868.378052;2772.764893;189.529007;4830.671875
95;1706201356.777569158;1876.333008;2738.050049;193.690994;4808.074219
96;1706201356.797629319;1834.708008;2764.288086;188.315994;4787.312012
97;1706201356.817688820;1862.939941;2783.007080;190.427002;4836.374023
98;1706201356.837747970;1874.248047;2774.863037;188.315994;4837.426758
99;1706201356.857807131;1843.900024;2755.708008;192.511002;4792.119141
100;1706201356.877868332;1853.583008;2753.326904;189.464996;4796.375000
101;1706201356.897928263;1862.280029;2776.187988;190.440994;4828.909180
102;1706201356.917987924;1885.348999;2770.056885;192.856003;4848.261719
103;1706201356.938047484;1848.889038;2733.757080;190.348999;4772.995117
104;1706201356.958124297;1864.447021;2769.373047;190.380005;4824.200195
105;1706201356.978185278;1879.256958;2771.773926;190.440994;4841.471680
106;1706201356.998244679;1849.095947;2764.256104;193.712006;4807.063965
107;1706201357.018304039;1852.137939;2757.538086;192.839005;4802.515137
108;1706201357.038363850;1868.348999;2766.729980;189.449005;4824.527832
109;1706201357.058422641;1881.240967;2760.731934;190.016998;4831.990234
110;1706201357.078482652;1852.109985;2739.530029;194.556000;4786.195801
111;1706201357.098542002;1864.927979;2771.965088;189.511993;4826.405273
112;1706201357.118601803;1883.553955;2769.325928;192.824005;4845.704102
113;1706201357.138660784;1842.271973;2779.599121;190.393005;4812.264160
114;1706201357.158720905;1863.579956;2746.379883;192.824005;4802.783691
115;1706201357.178781166;1877.014038;2776.974121;192.813995;4846.802246
116;1706201357.198840907;1889.312988;2760.862061;193.641998;4843.817383
117;1706201357.218907588;1750.755981;2383.436035;192.447998;4326.640137
118;1706201357.238969289;1594.807007;2377.867920;189.102997;4161.777832
119;1706201357.259028090;1568.062012;2381.898926;191.261002;4141.221680
120;1706201357.279087791;1536.592041;2376.253906;190.427002;4103.272949
121;1706201357.299147011;1560.649048;2380.185059;190.410004;4131.244141
122;1706201357.319206462;1567.410034;2374.541992;190.347000;4132.298828
123;1706201357.339264963;1577.308960;2376.792969;189.464996;4143.566895
124;1706201357.359324474;1548.277954;2376.191895;189.464996;4113.935059
125;1706201357.379384314;1575.750000;2378.684082;192.776993;4147.210938
126;1706201357.399443725;1574.995972;2378.538086;190.112000;4143.645996
127;1706201357.419502506;1535.244019;2378.476074;189.197998;4102.917969
128;1706201357.439561817;1548.277954;2378.866943;193.658005;4120.802734
129;1706201357.459620767;1572.495972;2376.792969;189.214005;4138.502930
130;1706201357.479680028;1544.076050;2376.191895;189.464996;4109.732910
131;1706201357.499738709;1552.026978;2377.641113;190.315002;4119.982910
132;1706201357.519797620;1570.171997;2375.406982;188.253006;4133.832031
133;1706201357.539856250;1581.829956;2375.344971;190.410004;4147.584961
134;1706201357.559915091;1530.326050;2377.960938;190.457993;4098.745117
135;1706201357.579975202;1561.526001;2377.658936;190.380005;4129.564941
136;1706201357.600033792;1567.894043;2377.658936;189.449005;4135.001953
137;1706201357.620093273;1535.880005;2376.791016;188.315994;4100.986816
138;1706201357.640152404;1549.114014;2376.811035;189.182999;4115.108398
139;1706201357.660211645;1568.650024;2374.541992;190.410004;4133.602051
140;1706201357.680271506;1576.750000;2376.191895;189.511993;4142.454102
141;1706201357.700330906;1544.078979;2376.253906;190.410004;4110.742676
142;1706201357.720390177;1557.770020;2376.792969;189.481995;4124.044922
143;1706201357.740448888;1576.113037;2377.947998;190.410004;4144.470703
144;1706201357.760508129;1534.953003;2376.730957;189.494995;4101.179199
145;1706201357.780567829;1556.598022;2377.854980;191.634003;4126.086914
146;1706201357.800626540;1571.407959;2370.954102;185.007004;4127.369141
147;1706201357.820685651;1577.413940;2377.185059;189.511993;4144.110840
148;1706201357.840744692;1551.182983;2377.854980;192.807007;4121.845215
149;1706201357.860804082;1567.811035;2375.945068;189.511993;4133.268066
150;1706201357.880863263;1566.406982;2377.854980;192.807007;4137.069336
151;1706201357.900922264;1536.265991;2374.498047;189.481995;4100.246094
152;1706201357.920981665;1557.109985;2377.759033;189.513000;4124.381836
153;1706201357.941040855;1568.843018;2378.361084;189.529007;4136.733398
154;1706201357.961099446;1568.578003;2377.579102;188.315994;4134.473145
155;1706201357.981158367;1541.667969;2374.560059;189.511993;4105.740234
156;1706201358.001217708;1565.569946;2380.105957;191.610992;4137.287109
157;1706201358.021285949;1569.110962;2377.185059;189.513000;4135.809082
158;1706201358.041345590;1534.208984;2376.823975;192.251007;4103.284180
159;1706201358.061404321;1542.735962;2370.399902;187.115005;4100.250977
160;1706201358.081463241;1566.192993;2374.389893;190.393997;4130.977051
161;1706201358.101522082;1576.786987;2374.694092;190.393997;4141.875000
162;1706201358.121581693;1545.041992;2380.025879;193.376007;4118.443848
163;1706201358.141640734;1568.462036;2375.900879;191.261002;4135.624023
164;1706201358.161699724;1583.218018;2376.792969;190.315002;4150.326172
165;1706201358.181758825;1543.753052;2377.745117;193.311996;4114.810059
166;1706201358.201817576;1556.573975;2378.336914;190.393997;4125.304688
167;1706201358.221877327;1565.878052;2377.854980;191.563995;4135.296875
168;1706201358.241936487;1544.603027;2380.954102;192.807007;4118.364258
169;1706201358.261995748;1557.128052;2374.560059;189.511993;4121.200195
170;1706201358.282055379;1561.812988;2381.802002;192.776993;4136.392090
171;1706201358.302113710;1575.182007;2376.989990;194.005005;4146.177246
172;1706201358.322173130;1545.103027;2377.658936;190.363007;4113.125000
173;1706201358.342231791;1548.432983;2375.962891;189.511993;4113.907715
174;1706201358.362291262;1565.699951;2371.938965;190.427002;4128.065918
175;1706201358.382350363;1549.400024;2375.406982;190.380005;4115.187012
176;1706201358.402409563;1545.887939;2374.541992;189.511993;4109.941895
177;1706201358.422468664;1550.092041;2380.137939;192.792007;4123.021973
178;1706201358.442527525;1565.902954;2377.562012;192.759995;4136.225098
179;1706201358.462586836;1535.588013;2376.145996;189.212997;4100.946777
180;1706201358.482645456;1559.991943;2375.931885;189.134003;4125.057617
181;1706201358.502704337;1569.067017;2372.894043;190.440994;4132.401855
182;1706201358.522763438;1548.176025;2374.498047;190.410004;4113.083984
183;1706201358.542822459;1557.812012;2376.811035;191.278000;4125.901367
184;1706201358.562881399;1565.602051;2377.579102;189.511993;4132.693359
185;1706201358.582940780;1566.000000;2377.658936;189.498001;4133.157227
186;1706201358.602999631;1551.593994;2371.603027;190.348999;4113.545898
187;1706201358.623059392;1564.011963;2377.641113;189.511993;4131.165039
188;1706201358.643118082;1562.781982;2374.267090;191.274994;4128.324219
189;1706201358.663177033;1547.824951;2371.202881;185.871994;4104.899902
190;1706201358.683235864;1545.073975;2375.344971;189.451004;4109.870117
191;1706201358.703294264;1558.239990;2379.239990;191.563995;4129.043945
192;1706201358.723353795;1588.484985;2374.591064;192.156006;4155.231934
193;1706201358.743412956;1534.713989;2379.074951;193.641998;4107.431152
194;1706201358.763472337;1566.760010;2372.996094;189.542999;4129.298828
195;1706201358.783531657;1584.681030;2377.979004;188.315994;4150.976074
196;1706201358.803591088;1545.284058;2377.500000;191.595001;4114.378906
197;1706201358.823650929;1553.037964;2375.962891;189.464996;4118.465820
198;1706201358.843709260;1568.953979;2372.635986;187.098007;4128.687988
199;1706201358.863768170;1590.978027;2378.489014;189.464996;4158.932129
200;1706201358.883827551;1554.060059;2377.141113;190.363007;4121.564453
201;1706201358.903886802;1564.108032;2374.236084;190.397003;4128.741211
202;1706201358.923946313;1566.838013;2377.658936;188.253006;4132.750000
203;1706201358.944005103;1527.727051;2374.249023;190.410004;4092.385986
204;1706201358.964063994;1556.079956;2374.205078;189.481995;4119.767090
205;1706201358.984123195;1567.435059;2375.900879;190.363007;4133.699219
206;1706201359.004181776;1547.488037;2374.541992;189.434998;4111.464844
207;1706201359.024241456;1538.432007;2373.726074;189.513000;4101.670898
208;1706201359.044300437;1552.630005;2372.863037;188.268997;4113.762207
209;1706201359.064358958;1575.069946;2375.993896;190.423996;4141.487793
210;1706201359.084417379;1543.416016;2376.811035;189.511993;4109.739258
211;1706201359.104476389;1541.645996;2374.280029;190.440994;4106.367188
212;1706201359.124535170;1561.150024;2372.844971;189.496002;4123.491211
213;1706201359.144594521;1543.406006;2375.883057;189.449997;4108.739258
214;1706201359.164653251;1553.062012;2376.730957;189.529007;4119.322266
215;1706201359.184711712;1549.817993;2374.742920;189.511993;4114.072754
216;1706201359.204770453;1561.435059;2377.641113;190.395004;4129.471191
217;1706201359.224829254;1544.079956;2373.650879;189.514999;4107.245605
218;1706201359.244887924;1557.640991;2376.946045;193.641998;4128.229004
219;1706201359.264946655;1581.671997;2375.962891;189.511993;4147.146973
220;1706201359.285005376;1540.526978;2373.695068;190.399994;4104.622070
221;1706201359.305064336;1543.517944;2376.811035;189.496002;4109.825195
222;1706201359.325123667;1569.360962;2374.560059;190.126007;4134.046875
223;1706201359.345182398;1581.363037;2373.291992;186.216995;4140.872070
224;1706201359.365241799;1533.921021;2379.549072;192.776993;4106.247070
225;1706201359.385300879;1550.086060;2377.173096;192.759995;4120.019043
226;1706201359.405360370;1574.727051;2377.575928;192.839005;4145.142090
227;1706201359.425419801;1528.625000;2375.914062;190.395004;4094.934082
228;1706201359.445478572;1543.185059;2375.900879;189.153000;4108.239258
229;1706201359.465537652;1565.517944;2377.759033;189.496002;4132.772949
230;1706201359.485596763;1571.577026;2376.927979;192.509003;4141.014160
231;1706201359.505655264;1547.276978;2376.792969;190.363007;4114.433105
232;1706201359.525714485;1558.891968;2380.087891;192.759995;4131.739746
233;1706201359.545773715;1583.448975;2375.034912;190.434006;4148.917969
234;1706201359.565832246;1538.625000;2375.385986;190.141998;4104.153320
235;1706201359.585890397;1547.776001;2374.529053;188.330994;4110.636230
236;1706201359.605949377;1566.266968;2374.560059;190.410004;4131.236816
237;1706201359.626008698;1587.397949;2377.854980;194.556000;4159.808594
238;1706201359.646067979;1546.562012;2371.185059;190.393997;4108.141113
239;1706201359.666125330;1558.380005;2374.591064;191.337006;4124.308105
240;1706201359.686184150;1579.952026;2366.062988;187.115005;4133.129883
241;1706201359.706243071;1539.310059;2371.835938;189.511993;4100.658203
242;1706201359.726301782;1537.754028;2377.672119;192.807007;4108.232910
243;1706201359.746360282;1554.541992;2374.370117;189.464996;4118.376953
244;1706201359.766419063;1528.791992;2375.435059;190.380005;4094.606934
245;1706201359.786478204;1539.446045;2373.681885;189.567001;4102.694824
246;1706201359.806537155;1559.988037;2377.596924;189.511993;4127.096680
247;1706201359.826596515;1575.219971;2376.658936;188.347000;4140.225586
248;1706201359.846655936;1536.390015;2380.043945;194.556000;4110.989746
249;1706201359.866715077;1563.868042;2372.050049;189.542999;4125.460938
250;1706201359.886774078;1560.432983;2374.510986;189.544006;4124.487793
251;1706201359.906834058;1532.706055;2380.445068;189.529007;4102.680176
252;1706201359.926892669;1549.310059;2380.154053;189.544006;4119.007812
253;1706201359.946951340;1567.939941;2374.572998;188.347000;4130.859863
254;1706201359.967010491;1562.098999;2373.814941;190.393005;4126.307129
255;1706201359.987069971;1545.456055;2376.811035;189.464996;4111.732422
256;1706201360.007129232;1546.390015;2374.498047;189.511993;4110.399902
257;1706201360.027188003;1570.291992;2374.205078;190.363007;4134.860352
258;1706201360.047246523;1532.170044;2374.267090;189.529007;4095.966309
259;1706201360.067305564;1559.958008;2380.043945;193.709000;4133.710938
260;1706201360.087364085;1564.527954;2372.000977;190.363007;4126.892090
261;1706201360.107423086;1564.853027;2376.806885;192.776993;4134.437012
262;1706201360.127481866;1551.951050;2379.638916;189.149994;4120.739746
263;1706201360.147540827;1567.791992;2371.202881;186.186996;4125.181641
264;1706201360.167599388;1572.672974;2373.743896;189.496002;4135.913086
265;1706201360.187658749;1542.546021;2373.709961;191.195999;4107.452148
266;1706201360.207717999;1559.189941;2376.959961;192.778000;4128.927734
267;1706201360.227776680;1568.796021;2376.946045;192.813995;4138.556152
268;1706201360.247836091;1581.125000;2380.025879;191.548004;4152.699219
269;1706201360.267895332;1555.428955;2373.695068;189.529007;4118.653320
270;1706201360.287954412;1567.104004;2376.811035;189.451004;4133.366211
271;1706201360.308013493;1579.449951;2375.135010;189.511993;4144.096680
272;1706201360.328072144;1528.095947;2377.627930;190.393997;4096.118164
273;1706201360.348131204;1555.128052;2375.730957;189.481995;4120.340820
274;1706201360.368189815;1564.223022;2375.993896;189.542999;4129.759766
275;1706201360.388248876;1581.609985;2380.105957;192.492004;4154.208008
276;1706201360.408307897;1537.251953;2376.262939;192.759995;4106.274902
277;1706201360.428367007;1553.854980;2378.637939;190.410995;4122.903809
278;1706201360.448426008;1564.958984;2376.944092;192.742996;4134.645996
279;1706201360.468484539;1543.072021;2375.094971;188.315994;4106.482910
280;1706201360.488543950;1535.699951;2382.240967;189.498001;4107.438965
281;1706201360.508602440;1558.923950;2368.674072;186.233002;4113.831055
282;1706201360.528662091;1529.006958;2377.836914;193.722000;4100.565918
283;1706201360.548720832;1538.743042;2376.989990;193.675003;4109.408203
284;1706201360.568780333;1565.569946;2371.938965;190.348999;4127.857910
285;1706201360.588839593;1568.228027;2377.531982;192.839005;4138.599121
286;1706201360.608898994;1527.594971;2375.931885;189.496002;4093.022949
287;1706201360.628958415;1543.862061;2375.345947;192.778000;4111.986328
288;1706201360.649016996;1556.709961;2381.270020;192.839005;4130.819336
289;1706201360.669076526;1533.380981;2372.019043;190.365997;4095.766113
290;1706201360.689135307;1548.260986;2380.986084;192.839005;4122.085938
291;1706201360.709194668;1564.026001;2378.507080;189.511993;4132.044922
292;1706201360.729253308;1562.155029;2377.689941;189.197998;4129.042969
293;1706201360.749312469;1548.323975;2376.730957;190.363007;4115.417969
294;1706201360.769371220;1554.949951;2377.142090;192.822998;4124.915039
295;1706201360.789430581;1563.000000;2373.743896;189.496002;4126.240234
296;1706201360.809489591;1545.786011;2378.544922;190.347000;4114.677734
297;1706201360.829548162;1545.911011;2377.142090;192.541000;4115.594238
298;1706201360.849606943;1566.416016;2377.943115;189.511993;4133.871094
299;1706201360.869666474;1573.182983;2376.792969;189.481995;4139.458008
300;1706201360.889725394;1541.854004;2376.044922;190.350006;4108.249023
301;1706201360.909784785;1556.556030;2375.962891;189.498001;4122.017090
302;1706201360.929843486;1566.235962;2373.589111;193.690002;4133.515137
303;1706201360.949901736;1541.599976;2376.145996;189.529007;4107.274902
304;1706201360.969961037;1543.092041;2376.809082;189.518997;4109.419922
305;1706201360.990020178;1561.090942;2378.606934;189.511993;4129.209961
306;1706201361.010079279;1586.748047;2375.509033;190.315002;4152.572266
307;1706201361.030113447;1536.890991;2373.516113;185.020996;4095.428223
308;1706201361.050172078;1553.852051;2374.560059;190.410004;4118.822266
309;1706201361.070230598;1585.056030;2375.900879;189.496002;4150.453125
310;1706201361.090289839;1546.297974;2375.976074;190.378006;4112.651855
311;1706201361.110348830;1550.355957;2378.038086;192.792999;4121.187012
312;1706201361.130407341;1566.760010;2375.437988;188.300003;4130.498047
313;1706201361.150466681;1590.843994;2373.709961;188.315994;4152.870117
314;1706201361.170526052;1548.147949;2373.387939;189.542999;4111.079102
315;1706201361.190585423;1549.952026;2380.105957;195.451996;4125.509766
316;1706201361.210644534;1580.350952;2376.811035;188.268997;4145.431152
317;1706201361.230703674;1540.182983;2373.695068;190.410004;4104.288086
318;1706201361.250762455;1551.336060;2380.043945;192.807007;4124.187012
319;1706201361.270821786;1574.401978;2377.562012;192.759995;4144.724121
320;1706201361.290880157;1531.512939;2376.792969;189.529007;4097.834961
321;1706201361.310938617;1548.791016;2374.187012;189.149994;4112.127930
322;1706201361.330998108;1565.790039;2375.215088;190.363007;4131.368164
323;1706201361.351056819;1564.359985;2367.904053;186.246994;4118.511230
324;1706201361.371115970;1540.402954;2373.650879;188.315994;4102.369629
325;1706201361.391174730;1542.822998;2376.093994;189.559998;4108.477051
326;1706201361.411233551;1555.512939;2373.356934;189.511993;4118.381836
327;1706201361.431293172;1524.916016;2372.750000;186.169998;4083.835938
328;1706201361.451352412;1538.245972;2377.854980;193.610001;4109.710938
329;1706201361.471410983;1552.479980;2378.507080;188.315994;4119.302734
330;1706201361.491470374;1580.816040;2372.552979;190.087006;4143.456055
331;1706201361.511529415;1532.176025;2375.962891;190.363007;4098.501953
332;1706201361.531588335;1546.683960;2376.811035;189.464996;4112.959961
333;1706201361.551647466;1559.387939;2376.823975;189.542999;4125.754883
334;1706201361.571706707;1525.057007;2374.034912;189.479996;4088.571777
335;1706201361.591765988;1540.979980;2379.437012;189.511993;4109.928711
336;1706201361.611824688;1573.212036;2377.513916;192.839005;4143.564941
337;1706201361.631882949;1577.541992;2376.946045;192.791000;4147.279297
338;1706201361.651941600;1544.727051;2378.835938;192.822998;4116.385742
339;1706201361.672000270;1555.170044;2372.980957;188.347000;4116.498047
340;1706201361.692058771;1582.208984;2376.823975;189.496002;4148.529297
341;1706201361.712117262;1544.410034;2375.345947;191.643005;4111.398926
342;1706201361.732176073;1541.970947;2374.446045;193.675003;4110.091797
343;1706201361.752234773;1559.619995;2376.989990;192.807007;4129.416992
344;1706201361.772293934;1567.503052;2380.968018;192.839005;4141.310059
345;1706201361.792352805;1539.130005;2377.884033;191.658997;4108.672852
346;1706201361.812411585;1565.697021;2381.637939;193.658005;4140.993164
347;1706201361.832470416;1579.326050;2373.691895;190.363007;4143.380859
348;1706201361.852529557;1527.250000;2372.968018;188.315994;4088.533936
349;1706201361.872588498;1545.895020;2378.620117;189.559998;4114.075195
350;1706201361.892647608;1553.465942;2378.741943;193.658005;4125.865723
351;1706201361.912706969;1584.333008;2375.509033;189.481995;4149.324219
352;1706201361.932766090;1550.676025;2374.541992;188.315994;4113.534180
353;1706201361.952825201;1563.187012;2375.428955;189.498001;4128.114258
354;1706201361.972884041;1581.030029;2375.509033;189.511993;4146.050781
355;1706201361.992943252;1536.078003;2377.596924;191.261002;4104.936035
356;1706201362.013001653;1557.074951;2381.053955;193.360001;4131.489258
357;1706201362.033059953;1561.086060;2373.918945;190.410004;4125.415039
358;1706201362.053118714;1534.735962;2375.945068;189.529007;4100.209961
359;1706201362.073178195;1554.758057;2378.575928;189.559998;4122.894043
360;1706201362.093237326;1569.828003;2372.019043;189.167007;4131.014160
361;1706201362.113296276;1578.145996;2374.267090;190.363007;4142.776367
362;1706201362.133355237;1538.970947;2372.679932;186.264008;4097.915039
363;1706201362.153413728;1555.364014;2378.606934;191.322006;4125.292969
364;1706201362.173472699;1554.977051;2372.112061;186.216995;4113.306152
365;1706201362.193531419;1527.443970;2378.724121;192.807999;4098.976074
366;1706201362.213590630;1539.428955;2372.582031;189.496002;4101.506836
367;1706201362.233650571;1552.129028;2377.030029;194.556000;4123.714844
368;1706201362.253709652;1570.803955;2375.706055;188.347000;4134.856934
369;1706201362.273768432;1546.641968;2372.802979;190.315002;4109.759766
370;1706201362.293827143;1544.010010;2372.156006;195.498993;4111.665039
371;1706201362.313885744;1577.631958;2374.205078;190.410004;4142.247070
372;1706201362.333944434;1526.749023;2378.602051;192.807007;4098.158203
373;1706201362.354003505;1558.819946;2373.712891;189.496002;4122.028809
374;1706201362.374062396;1567.984009;2377.562012;191.563995;4137.109863
375;1706201362.394121237;1581.685059;2374.298096;189.496002;4145.479492
376;1706201362.414179807;1530.282959;2375.094971;188.268997;4093.646973
377;1706201362.434238248;1554.845947;2374.591064;192.251007;4121.687988
378;1706201362.454296929;1577.281006;2376.634033;192.824005;4146.739258
379;1706201362.474355269;1540.427002;2375.962891;189.511993;4105.901855
380;1706201362.494413540;1557.984009;2377.556885;190.380005;4125.920898
381;1706201362.514471671;1551.750000;2373.633057;190.410004;4115.792969
382;1706201362.534530111;1566.166992;2377.222900;192.792007;4136.181641
383;1706201362.554588352;1551.718018;2375.509033;189.167007;4116.394043
384;1706201362.574646993;1548.550049;2374.498047;192.173004;4115.221191
385;1706201362.594705293;1568.359009;2378.444092;191.690994;4138.494141
386;1706201362.614764094;1541.193970;2376.811035;190.363007;4108.368164
387;1706201362.634822695;1538.749023;2376.792969;192.173004;4107.714844
388;1706201362.654881425;1559.141968;2374.183105;190.380005;4123.705078
389;1706201362.674939766;1568.854004;2376.512939;193.658005;4139.024902
390;1706201362.694998357;1531.832031;2375.816895;189.498001;4097.146973
391;1706201362.715057698;1563.307007;2372.509033;189.511993;4125.328125
392;1706201362.735117168;1567.677979;2378.637939;190.393997;4136.709961
393;1706201362.755176599;1526.870972;2375.228027;189.542999;4091.642090
394;1706201362.775235600;1551.020020;2374.298096;190.393997;4115.711914
395;1706201362.795294811;1553.442017;2376.260010;192.807007;4122.508789
396;1706201362.815353511;1544.668945;2374.541992;190.315002;4109.525879
397;1706201362.835412092;1552.619019;2377.854980;192.807007;4123.281250
398;1706201362.855470933;1548.125977;2376.062988;190.363007;4114.551758
399;1706201362.875529463;1564.463989;2373.735107;191.322006;4129.520996
400;1706201362.895588824;1530.068970;2382.240967;189.182999;4101.493164
401;1706201362.915647455;1558.462036;2374.386963;189.526993;4122.375977
402;1706201362.935706506;1555.128052;2380.105957;193.658005;4128.892090
403;1706201362.955765966;1526.130005;2376.062988;189.494995;4091.687988
404;1706201362.975824367;1556.784058;2372.875977;189.513000;4119.172852
405;1706201362.995883228;1554.186035;2373.540039;192.792999;4120.519043
406;1706201363.015941448;1581.212036;2376.075928;189.559998;4146.848145
407;1706201363.036000649;1553.025024;2374.298096;189.496002;4116.819336
408;1706201363.056059170;1546.240967;2378.544922;191.559006;4116.344727
409;1706201363.076117391;1562.781982;2372.485107;187.382996;4122.650391
410;1706201363.096175881;1539.441040;2376.000977;188.315994;4103.757812
411;1706201363.116235082;1541.120972;2377.697021;189.511993;4108.330078
412;1706201363.136293643;1567.970947;2377.697021;188.315994;4133.983887
413;1706201363.156352043;1582.517944;2373.431885;189.542999;4145.492676
414;1706201363.176410374;1535.198975;2381.312988;189.529007;4106.041016
415;1706201363.196469595;1548.400024;2375.962891;189.511993;4113.875000
416;1706201363.216528435;1566.141968;2379.196045;193.675003;4139.013184
417;1706201363.236587606;1534.552002;2375.962891;188.302002;4098.816895
418;1706201363.256646267;1541.977051;2375.982910;190.315002;4108.274902
419;1706201363.276705308;1562.157959;2374.205078;190.977005;4127.339844
420;1706201363.296764628;1564.808960;2376.823975;192.501999;4134.134766
421;1706201363.316823679;1547.150024;2373.726074;190.376999;4111.252930
422;1706201363.336882690;1552.999023;2372.050049;190.393997;4115.443359
423;1706201363.356941791;1585.891968;2374.218018;190.410995;4150.520996
424;1706201363.377001211;1547.113037;2380.936035;193.610001;4121.659180
425;1706201363.397060132;1537.749023;2384.607910;193.658005;4116.014648
426;1706201363.417118943;1554.161987;2372.019043;190.345993;4116.526855
427;1706201363.437178624;1570.026978;2373.633057;190.410004;4134.069824
428;1706201363.457237434;1533.788940;2376.062988;190.363998;4100.215820
429;1706201363.477297085;1546.381958;2375.993896;190.440994;4112.816895
430;1706201363.497355806;1564.129028;2376.978027;192.839005;4133.946289
431;1706201363.517415017;1525.892944;2376.749023;189.529007;4092.170898
432;1706201363.537474627;1555.040039;2377.008057;192.509003;4124.557129
433;1706201363.557533878;1551.203003;2376.811035;188.315994;4116.330078
434;1706201363.577592719;1539.817993;2371.172119;188.302002;4099.291992
435;1706201363.597651710;1548.744995;2380.087891;193.658005;4122.490723
436;1706201363.617710790;1547.198975;2375.883057;191.212997;4114.294922
437;1706201363.637768921;1562.932007;2373.650879;189.182999;4125.766113
438;1706201363.657828382;1529.977051;2373.583984;189.511993;4093.072998
439;1706201363.677886702;1541.640015;2376.730957;189.511993;4107.882812
440;1706201363.697945233;1561.314941;2373.726074;188.332993;4123.374023
441;1706201363.718004094;1543.416016;2373.681885;190.410995;4107.508789
442;1706201363.738062805;1547.232056;2379.177979;192.807007;4119.216797
443;1706201363.758114895;1560.114990;2373.633057;189.496002;4123.244141
444;1706201363.778173495;1560.769043;2373.650879;190.065002;4124.484863
445;1706201363.798232526;1534.182983;2374.541992;189.529007;4098.253906
446;1706201363.818291427;1560.147949;2376.811035;190.363007;4127.322266
447;1706201363.838349857;1581.671997;2380.087891;191.563995;4153.323730
448;1706201363.858409328;1537.624023;2376.093994;188.315994;4102.034180
449;1706201363.878468079;1556.105957;2375.295898;192.807007;4124.208984
450;1706201363.898527070;1557.048950;2378.489014;190.363007;4125.900879
451;1706201363.918586060;1579.784058;2375.991943;189.526993;4145.303223
452;1706201363.938644511;1532.904053;2373.695068;189.464996;4096.064453
453;1706201363.958703692;1547.266968;2376.792969;191.261002;4115.320801
454;1706201363.978762433;1565.552979;2371.154053;189.498001;4126.205078
455;1706201363.998821173;1529.623047;2374.529053;189.559998;4093.712158
456;1706201364.018879754;1540.625977;2375.509033;189.529007;4105.664062
457;1706201364.038938845;1553.491943;2377.579102;191.639999;4122.710938
458;1706201364.058997315;1568.553955;2372.980957;185.871994;4127.407227
459;1706201364.079055846;1544.754028;2373.648926;195.500000;4113.902832
460;1706201364.099114067;1551.282959;2373.681885;190.757004;4115.721680
461;1706201364.119172797;1581.475952;2373.633057;189.511993;4144.621094
462;1706201364.139231528;1525.057007;2373.650879;190.380005;4089.087891
463;1706201364.159290529;1554.245972;2372.784912;188.332001;4115.362793
464;1706201364.179349490;1572.514038;2371.969971;189.542999;4134.026855
465;1706201364.199408490;1567.506958;2377.593994;192.845993;4137.946777
466;1706201364.219467031;1537.409058;2377.124023;192.856003;4107.389160
467;1706201364.239525612;1565.649048;2380.202881;190.363007;4136.214844
468;1706201364.259584982;1565.676025;2375.445068;192.809006;4133.930176
469;1706201364.279643823;1526.254028;2376.792969;190.067001;4093.113770
470;1706201364.299702784;1538.599976;2372.000977;190.363007;4100.963867
471;1706201364.319761215;1570.989990;2373.418945;188.315994;4132.724609
472;1706201364.339820355;1536.964966;2374.236084;189.559998;4100.761230
473;1706201364.359879066;1552.024048;2373.814941;189.464996;4115.304199
474;1706201364.379938457;1556.218994;2381.884033;191.610992;4129.713867
475;1706201364.399997618;1576.089966;2381.035889;194.556000;4151.681641
476;1706201364.420056118;1540.977051;2379.209961;192.839005;4113.026367
477;1706201364.440115729;1560.531006;2372.019043;189.511993;4122.062012
478;1706201364.460175070;1555.668945;2375.900879;190.363007;4121.932617
479;1706201364.480234001;1527.240967;2375.945068;190.977005;4094.163086
480;1706201364.500292451;1556.442993;2374.464111;185.871994;4116.779297
481;1706201364.520351512;1557.223022;2381.035889;193.955994;4132.214844
482;1706201364.540410863;1561.442017;2373.712891;189.214005;4124.369141
483;1706201364.560469613;1543.760010;2377.008057;192.759995;4113.528320
484;1706201364.580529194;1561.484985;2373.400879;190.322006;4125.208008
485;1706201364.600588475;1571.797974;2374.529053;189.559998;4135.887207
486;1706201364.620647206;1541.380005;2376.792969;189.464996;4107.638184
487;1706201364.640706006;1536.582031;2374.560059;189.447998;4100.589844
488;1706201364.660764587;1565.904053;2377.854980;191.610992;4135.370117
489;1706201364.680823888;1562.431030;2373.599121;192.776993;4128.807129
490;1706201364.700882419;1540.818970;2377.641113;189.511993;4107.972168
491;1706201364.720941289;1547.553955;2375.344971;189.119003;4112.017578
492;1706201364.741000240;1566.510986;2376.976074;189.167007;4132.654297
493;1706201364.761058911;1551.401001;2379.633057;192.509003;4123.542969
494;1706201364.781117581;1539.453003;2374.498047;189.511993;4103.462891
495;1706201364.801176762;1568.671997;2376.989990;192.791000;4138.453125
496;1706201364.821235233;1567.011963;2375.976074;189.526993;4132.515137
497;1706201364.841294064;1538.909058;2376.993896;189.511993;4105.415039
498;1706201364.861353624;1546.073975;2375.883057;190.393005;4112.350098
499;1706201364.881412695;1582.616943;2377.543945;195.451996;4155.612793
500;1706201364.901471516;1546.105957;2373.530029;191.322006;4110.958008
501;1706201364.921530376;1556.282959;2375.900879;189.511993;4121.695801
502;1706201364.941589397;1570.645996;2377.854980;192.824005;4141.325195
503;1706201364.961648268;1569.895020;2380.186035;193.626999;4143.708008
504;1706201364.981707259;1555.102051;2375.993896;189.526993;4120.623047
505;1706201365.001765519;1549.584961;2375.962891;188.315994;4113.863770
506;1706201365.021824240;1578.102051;2374.267090;188.315994;4140.685059
507;1706201365.041882611;1527.250000;2376.792969;188.315994;4092.358887
508;1706201365.061941481;1554.302979;2374.498047;189.167007;4117.967773
509;1706201365.082000912;1556.014038;2372.050049;189.542999;4117.606934
510;1706201365.102060013;1546.985962;2376.811035;189.119003;4112.916016
511;1706201365.122120494;1558.819946;2373.712891;189.119003;4121.651855
512;1706201365.142179115;1551.774048;2375.388916;189.511993;4116.674805
513;1706201365.162238205;1563.512939;2375.900879;188.268997;4127.682617
514;1706201365.182296516;1541.593018;2377.759033;189.464996;4108.817383
515;1706201365.202355247;1555.738037;2377.759033;193.720001;4127.216797
516;1706201365.222413387;1574.748047;2373.339111;190.363007;4138.450195
517;1706201365.242472398;1536.595947;2370.954102;187.115005;4094.665039
518;1706201365.262531329;1545.615967;2373.540039;193.658005;4112.813965
519;1706201365.282590609;1555.151978;2379.194092;191.546997;4125.893066
520;1706201365.302649480;1574.071045;2374.386963;192.824005;4141.282227
521;1706201365.322708191;1535.036987;2374.479980;190.410004;4099.926758
522;1706201365.342767202;1558.300049;2372.139893;189.464996;4119.905273
523;1706201365.362826682;1562.631958;2374.560059;189.449005;4126.641113
524;1706201365.382885853;1546.608032;2379.196045;192.744003;4118.547852
525;1706201365.402944984;1542.550049;2381.802002;192.807007;4117.159180
526;1706201365.423004245;1566.784058;2379.589111;192.807007;4139.180176
527;1706201365.443063465;1564.323975;2375.900879;189.511993;4129.736816
528;1706201365.463122156;1551.031982;2374.560059;190.363007;4115.955078
529;1706201365.483181197;1549.616943;2371.108887;189.151001;4109.876953
530;1706201365.503239988;1564.323975;2375.900879;189.167007;4129.391602
531;1706201365.523299408;1525.057983;2373.418945;188.315994;4086.792969
532;1706201365.543358549;1551.177979;2374.218018;188.347000;4113.743164
533;1706201365.563417620;1564.729980;2373.356934;190.363007;4128.450195
534;1706201365.583477041;1587.635010;2373.356934;191.199005;4152.190918
535;1706201365.603536171;1540.857056;2375.883057;189.496002;4106.236328
536;1706201365.623594962;1559.275024;2375.313965;193.641006;4128.229980
537;1706201365.643654553;1578.744995;2377.868896;192.822998;4149.437012
538;1706201365.663713674;1524.359985;2380.892090;191.610992;4096.863281
539;1706201365.683773024;1538.124023;2375.962891;190.410004;4104.497070
540;1706201365.703832345;1568.478027;2379.196045;192.824005;4140.498047
541;1706201365.723891466;1590.108032;2376.811035;193.022995;4159.941895
542;1706201365.743950717;1556.114014;2371.110107;189.511993;4116.736328
543;1706201365.764009437;1561.494995;2376.792969;191.278000;4129.565918
544;1706201365.784068688;1580.350952;2373.356934;189.511993;4143.219727
545;1706201365.804127219;1533.208008;2375.962891;190.363007;4099.534180
546;1706201365.824186780;1553.239990;2376.627930;189.167007;4119.035156
547;1706201365.844245440;1564.213013;2375.914062;189.542999;4129.669922
548;1706201365.864304581;1538.302002;2373.633057;188.253006;4100.187988
549;1706201365.884363352;1541.270996;2375.945068;190.410004;4107.625977
550;1706201365.904422372;1550.082031;2371.247070;186.216995;4107.545898
551;1706201365.924482023;1564.008057;2374.249023;191.229996;4129.487305
552;1706201365.944541564;1530.652954;2373.695068;189.464996;4093.812988
553;1706201365.964600595;1540.786011;2372.019043;190.707993;4103.513184
554;1706201365.984659215;1573.838013;2374.280029;189.496002;4137.614258
555;1706201366.004718086;1542.790039;2380.075928;194.522995;4117.388672
556;1706201366.024777287;1542.839966;2371.168945;189.513000;4103.521973
557;1706201366.044837188;1575.271973;2371.660889;189.496002;4136.428711
558;1706201366.064896839;1581.212036;2373.712891;190.363007;4145.288086
559;1706201366.084955729;1537.624023;2373.530029;189.149994;4100.303711
560;1706201366.105014770;1544.354004;2371.172119;190.315002;4105.840820
561;1706201366.125073531;1566.529053;2372.602051;189.149994;4128.281250
562;1706201366.145132021;1525.557983;2373.726074;189.542999;4088.827148
563;1706201366.165190762;1555.260010;2375.306885;188.268997;4118.835938
564;1706201366.185250013;1559.431030;2379.258057;195.485001;4134.174316
565;1706201366.205308654;1572.097046;2374.249023;191.261002;4137.606934
566;1706201366.225367244;1533.506958;2373.695068;192.190002;4099.392090
567;1706201366.245426685;1548.583984;2371.957031;188.315994;4108.856934
568;1706201366.265485426;1563.628052;2378.606934;189.464996;4131.700195
569;1706201366.285544837;1541.537964;2374.448975;192.807007;4108.793945
570;1706201366.305604207;1555.250000;2374.205078;190.410004;4119.865234
571;1706201366.325663028;1573.563965;2373.418945;189.481995;4136.464844
572;1706201366.345722179;1583.340942;2373.712891;189.511993;4146.565918
573;1706201366.365781259;1542.699951;2374.556885;189.511993;4106.768555
574;1706201366.385839990;1549.953979;2374.249023;188.302002;4112.504883
575;1706201366.405898791;1577.052979;2376.042969;190.345993;4143.441895
576;1706201366.425957782;1532.640015;2374.498047;189.529007;4096.666992
577;1706201366.446017092;1537.399048;2371.957031;188.315994;4097.671875
578;1706201366.466075723;1569.828003;2375.976074;189.479996;4135.284180
579;1706201366.486113482;1574.125000;2378.606934;190.363007;4143.094727
580;1706201366.506171922;1552.003052;2372.000977;189.511993;4113.516113
581;1706201366.526230623;1569.353027;2371.957031;190.707993;4132.018066
582;1706201366.546289674;1563.202026;2375.962891;189.511993;4128.676758
583;1706201366.566348385;1525.900024;2374.236084;189.542999;4089.679199
584;1706201366.586406535;1537.754028;2375.447021;188.268997;4101.470215
585;1706201366.606464936;1564.599976;2373.650879;189.167007;4127.417969
586;1706201366.626524187;1531.514038;2375.295898;192.759995;4099.569824
587;1706201366.646583497;1540.926025;2370.135986;186.201004;4097.262695
588;1706201366.666642788;1571.166016;2374.205078;189.511993;4134.882812
589;1706201366.686701699;1573.942017;2372.552979;190.380005;4136.875000
590;1706201366.706760400;1542.728027;2377.543945;193.658005;4113.929688
591;1706201366.726819460;1556.442993;2373.664062;189.542999;4119.649902
592;1706201366.746878151;1556.509033;2377.112061;188.347000;4121.967773
593;1706201366.766937362;1539.343994;2380.498047;194.556000;4114.397949
594;1706201366.786996303;1557.578003;2377.596924;189.481995;4124.656738
595;1706201366.807055393;1568.964966;2371.172119;190.363007;4130.500000
596;1706201366.827114224;1574.103027;2371.172119;189.464996;4134.740234
597;1706201366.847173305;1547.134033;2374.267090;190.380005;4111.781250
598;1706201366.867232686;1543.686035;2376.914062;189.511993;4110.112305
599;1706201366.887291886;1570.171021;2374.205078;189.496002;4133.872070
600;1706201366.907350767;1528.089966;2380.986084;191.580002;4100.656250
601;1706201366.927410098;1549.300049;2381.902100;192.807007;4124.008789
602;1706201366.947469358;1567.324951;2375.327881;192.776001;4135.428711
603;1706201366.967528479;1579.266968;2376.749023;190.363007;4146.378906
604;1706201366.987587830;1530.634033;2377.806885;193.641998;4102.083008
605;1706201367.007646861;1556.886963;2376.989990;192.746002;4126.623047
606;1706201367.027706061;1574.656006;2377.543945;192.462006;4144.662109
607;1706201367.047764792;1544.595947;2373.370117;189.496002;4107.461914
608;1706201367.067824183;1538.078979;2372.031982;189.244995;4099.355957
609;1706201367.087882844;1554.666992;2373.695068;189.464996;4117.827148
610;1706201367.107941014;1580.099976;2376.158936;190.423996;4146.683105
611;1706201367.127999605;1550.348022;2373.418945;190.363007;4114.129883
612;1706201367.148058866;1549.959961;2376.634033;194.625000;4121.218750
613;1706201367.168118097;1575.722046;2376.811035;189.464996;4141.998047
614;1706201367.188176707;1528.290039;2373.416992;189.511993;4091.218994
615;1706201367.208235698;1555.814941;2371.092041;189.529007;4116.436035
616;1706201367.228294729;1561.266968;2372.000977;189.496002;4122.764160
617;1706201367.248353309;1568.728027;2377.361084;194.542007;4140.630859
618;1706201367.268412610;1548.797974;2375.808105;192.776993;4117.383301
619;1706201367.288471361;1549.245972;2377.378906;193.643997;4120.269043
620;1706201367.308530132;1560.260986;2374.591064;189.542999;4124.395020
621;1706201367.328589712;1538.817017;2374.236084;190.393997;4103.447266
622;1706201367.348648183;1538.593018;2372.490967;189.511993;4100.595703
623;1706201367.368707714;1555.362061;2375.366943;189.451004;4120.179688
624;1706201367.388766765;1525.557983;2376.811035;189.511993;4091.880859
625;1706201367.408825425;1537.886963;2374.560059;189.511993;4101.958984
626;1706201367.428884036;1553.852051;2375.233887;192.807007;4121.893066
627;1706201367.448943277;1573.006958;2374.267090;189.511993;4136.786133
628;1706201367.469002527;1533.696045;2374.418945;189.542999;4097.658203
629;1706201367.489061898;1542.328003;2379.196045;192.807007;4114.331055
630;1706201367.509120899;1563.030029;2372.571045;192.173004;4127.774414
631;1706201367.529179830;1526.394043;2375.931885;189.526993;4091.853027
632;1706201367.549238640;1540.258057;2376.792969;189.481995;4106.533203
633;1706201367.569297741;1551.571045;2376.565918;189.153000;4117.290039
634;1706201367.589356772;1576.396973;2372.000977;188.268997;4136.666992
635;1706201367.609415113;1541.994995;2375.388916;188.268997;4105.652832
636;1706201367.629473343;1560.140015;2374.267090;189.513000;4123.919922
637;1706201367.649532854;1558.702026;2373.814941;189.464996;4121.981934
638;1706201367.669591675;1537.130005;2371.969971;190.410995;4099.510742
639;1706201367.689650625;1554.595947;2373.712891;188.300003;4116.608887
640;1706201367.709709766;1566.381958;2376.531006;193.360001;4136.272949
641;1706201367.729769057;1567.637939;2380.043945;191.626999;4139.308594
642;1706201367.749828008;1536.936035;2375.406982;190.363007;4102.706055
643;1706201367.769886708;1556.547974;2377.361084;194.572998;4128.481934
644;1706201367.789945459;1582.676025;2374.205078;189.464996;4146.346191
645;1706201367.810003830;1546.140015;2374.560059;189.511993;4110.211914
646;1706201367.830062430;1539.302002;2373.814941;189.511993;4102.628906
647;1706201367.850117591;1565.913940;2373.695068;190.363998;4129.973145
648;1706201367.870177462;1580.671997;2375.962891;191.261002;4147.895996
649;1706201367.890236502;1548.468018;2373.418945;190.063004;4111.950195
650;1706201367.910295283;1559.808960;2371.110107;189.151001;4120.070312
651;1706201367.930354304;1564.509033;2377.697021;189.511993;4131.717773
652;1706201367.950413455;1545.442017;2377.658936;190.393005;4113.494141
653;1706201367.970471935;1539.796997;2376.127930;190.363007;4106.288086
654;1706201367.990530756;1567.819946;2379.437012;191.261002;4138.518066
655;1706201368.010589677;1587.963013;2374.467041;191.610992;4154.041016
656;1706201368.030648497;1549.340942;2372.571045;189.511993;4111.423828
657;1706201368.050707828;1565.287964;2373.740967;188.330994;4127.359863
658;1706201368.070766959;1581.170044;2380.087891;193.593994;4154.852051
659;1706201368.090825650;1533.699951;2375.962891;189.511993;4099.174805
660;1706201368.110884990;1539.514038;2374.236084;189.559998;4103.310059
661;1706201368.130944291;1553.326050;2373.633057;189.496002;4116.455078
662;1706201368.151003542;1544.323975;2375.962891;189.481995;4109.768555
663;1706201368.171062713;1541.977051;2375.900879;188.300003;4106.177734
664;1706201368.191122083;1563.534058;2371.154053;189.214005;4123.902344
665;1706201368.211180514;1561.936035;2376.792969;189.529007;4128.257812
666;1706201368.231239135;1527.234985;2371.110107;190.363007;4088.708008
667;1706201368.251297835;1558.290039;2377.008057;191.610992;4126.909180
668;1706201368.271356786;1575.715942;2371.199951;188.347000;4135.262695
669;1706201368.291415767;1534.046997;2372.112061;186.169998;4092.329102
670;1706201368.311474928;1546.656982;2375.993896;188.347000;4110.998047
671;1706201368.331533218;1554.198975;2375.993896;190.378006;4120.570801
672;1706201368.351592829;1586.748047;2376.811035;189.511993;4153.071289
673;1706201368.371651300;1543.229980;2375.976074;189.542999;4108.749023
674;1706201368.391710711;1563.781006;2375.313965;192.807007;4131.902344
675;1706201368.411769771;1561.089966;2373.814941;189.498993;4124.403809
676;1706201368.431829002;1529.288940;2379.177979;192.807007;4101.273926
677;1706201368.451888003;1539.083984;2376.811035;189.126007;4105.020996
678;1706201368.471946683;1557.741943;2379.258057;192.807007;4129.806641
679;1706201368.492005214;1579.105957;2376.811035;189.511993;4145.428711
680;1706201368.512064475;1528.447998;2376.749023;189.511993;4094.708984
681;1706201368.532123266;1546.189941;2372.000977;190.347000;4108.538086
682;1706201368.552182316;1582.062988;2374.929932;189.511993;4146.504883
683;1706201368.572241707;1528.473999;2379.389893;192.429993;4100.293945
684;1706201368.592301078;1534.385010;2379.258057;192.807999;4106.451172
685;1706201368.612359869;1552.152954;2373.418945;188.268997;4113.840820
686;1706201368.632418549;1580.797974;2379.455078;190.427002;4150.680176
687;1706201368.652477700;1541.189941;2373.418945;189.511993;4104.121094
688;1706201368.672536891;1568.160034;2376.730957;189.212997;4134.104004
689;1706201368.692595852;1565.564941;2372.019043;189.511993;4127.095703
690;1706201368.712654802;1527.093018;2377.728027;189.559998;4094.381104
691;1706201368.732714283;1539.584961;2377.030029;192.414001;4109.029297
692;1706201368.752773444;1566.691040;2373.695068;188.315994;4128.702148
693;1706201368.772832455;1580.430054;2373.356934;190.410004;4144.196777
694;1706201368.792891465;1543.392944;2373.695068;189.496002;4106.583984
695;1706201368.812950556;1567.280029;2372.103027;189.511993;4128.895020
696;1706201368.833009437;1563.812012;2368.724121;188.026993;4120.563477
697;1706201368.853068317;1547.964966;2376.811035;190.380005;4115.155762
698;1706201368.873126948;1560.883057;2373.387939;189.496002;4123.767090
699;1706201368.893186329;1569.297974;2374.187012;190.363007;4133.848145
700;1706201368.913245240;1525.892944;2373.416992;188.315994;4087.625977
701;1706201368.933303620;1538.605957;2374.267090;189.464996;4102.337891
702;1706201368.953362941;1571.520020;2375.945068;188.332001;4135.796875
703;1706201368.973422142;1561.786011;2376.780029;190.692001;4129.257812
704;1706201368.993481653;1543.381958;2374.187012;190.410004;4107.979004
705;1706201369.013540753;1541.953003;2377.004883;191.610992;4110.568848
706;1706201369.033600054;1573.019043;2375.344971;190.410004;4138.773926
707;1706201369.053659925;1543.923950;2375.962891;188.315994;4108.202637
708;1706201369.073718776;1550.378052;2377.008057;194.556000;4121.941895
709;1706201369.093777486;1565.906982;2379.196045;194.003006;4139.105957
710;1706201369.113836117;1567.394043;2373.218018;189.496002;4130.108398
711;1706201369.133894638;1540.004028;2372.058105;189.167007;4101.229004
712;1706201369.153953458;1545.447021;2374.267090;189.119003;4108.833008
713;1706201369.174012519;1562.781982;2374.187012;189.481995;4126.451172
714;1706201369.194071320;1527.099976;2373.418945;189.511993;4090.030762
715;1706201369.214120840;1539.790039;2373.356934;190.363007;4103.509766
716;1706201369.234180120;1567.982056;2372.968018;188.315994;4129.266113
717;1706201369.254239401;1565.686035;2371.919922;185.020996;4122.626953
718;1706201369.274297612;1539.034058;2378.701904;192.509003;4110.245117
719;1706201369.294356143;1567.097046;2375.914062;189.261002;4132.271973
720;1706201369.314415093;1576.115967;2374.467041;192.791000;4143.374023
721;1706201369.334473924;1544.609009;2374.298096;191.292007;4110.199219
722;1706201369.354532705;1535.586060;2370.303955;189.529007;4095.418945
723;1706201369.374591295;1561.560059;2370.939941;186.246994;4118.747070
724;1706201369.394650946;1573.468018;2373.649902;190.363007;4137.480957
725;1706201369.414709617;1551.215942;2376.337891;189.451004;4117.004883
726;1706201369.434768138;1543.824951;2372.000977;188.268997;4104.094727
727;1706201369.454827648;1561.081055;2371.092041;190.126007;4122.298828
728;1706201369.474886199;1525.040039;2375.945068;189.214005;4090.199219
729;1706201369.494944800;1539.446045;2375.962891;190.363007;4105.771973
730;1706201369.515003960;1546.381958;2373.712891;192.156998;4112.251953
731;1706201369.535062561;1563.604980;2374.498047;191.261002;4129.364258
732;1706201369.555122002;1533.031006;2376.811035;189.464996;4099.307129
733;1706201369.575180723;1563.878052;2375.388916;188.315994;4127.583008
734;1706201369.595239043;1565.844971;2373.797119;188.315994;4127.958008
735;1706201369.615297824;1545.796021;2374.205078;188.307007;4108.308105
736;1706201369.635357145;1544.515015;2372.540039;189.496002;4106.551270
737;1706201369.655416866;1555.512939;2373.370117;189.496002;4118.378906
738;1706201369.675475806;1545.796021;2371.957031;189.167007;4106.919922
739;1706201369.695535597;1536.211060;2373.400879;189.167007;4098.778809
740;1706201369.715594118;1564.723999;2376.792969;189.481995;4130.999023
741;1706201369.735652778;1563.515991;2374.249023;189.496002;4127.261230
742;1706201369.755712089;1526.244019;2378.701904;193.675003;4098.621094
743;1706201369.775771010;1540.776001;2375.803955;192.776993;4109.356934
744;1706201369.795830171;1556.515015;2375.900879;189.511993;4121.927734
745;1706201369.815888761;1545.796021;2378.305908;193.722000;4117.823730
746;1706201369.835948002;1540.625977;2377.008057;191.610992;4109.245117
747;1706201369.856007393;1549.730957;2376.139893;191.610992;4117.481934
748;1706201369.876076485;1564.843018;2374.591064;189.496002;4128.930176
749;1706201369.896136105;1547.832031;2372.370117;189.511993;4109.713867
750;1706201369.916195576;1571.650024;2374.034912;189.544006;4135.229004
751;1706201369.936254317;1571.463989;2372.509033;189.464996;4133.437988
752;1706201369.956313618;1543.556030;2380.025879;193.705002;4117.287109
753;1706201369.976373088;1557.149048;2373.695068;188.315994;4119.160156
754;1706201369.996431919;1567.916016;2375.099121;190.363007;4133.377930
755;1706201370.016490910;1583.708008;2375.900879;190.363007;4149.971680
756;1706201370.036549911;1542.389038;2374.083984;191.278000;4107.750977
757;1706201370.056608511;1561.171997;2377.759033;189.167007;4128.098145
758;1706201370.076667572;1584.020996;2376.792969;189.511993;4150.326172
759;1706201370.096727423;1546.130005;2370.275879;189.496002;4105.901855
760;1706201370.116786374;1551.498047;2370.971924;186.203995;4108.673828
761;1706201370.136846074;1562.000000;2377.562012;195.498001;4135.060059
762;1706201370.156904725;1584.423950;2373.356934;191.322006;4149.103027
763;1706201370.176963526;1545.609985;2376.792969;189.511993;4111.915039
764;1706201370.197022617;1562.178955;2373.418945;189.511993;4125.109863
765;1706201370.217081857;1571.828979;2373.766113;190.440994;4136.036133
766;1706201370.237141258;1543.409058;2376.792969;189.511993;4109.713867
767;1706201370.257200699;1538.743042;2373.616943;193.610001;4105.970215
768;1706201370.277260470;1565.405029;2374.539062;189.498001;4129.442383
769;1706201370.297319330;1587.583984;2369.459961;189.214005;4146.257812
770;1706201370.317378441;1535.215942;2374.541992;190.285004;4100.042969
771;1706201370.337437952;1544.767944;2377.556885;190.380005;4112.705078
772;1706201370.357497183;1583.973999;2373.339111;189.498001;4146.811035
773;1706201370.377556343;1524.015991;2377.740967;189.496002;4091.252930
774;1706201370.397614934;1541.477051;2378.489014;190.380005;4110.346191
775;1706201370.417674365;1561.295044;2375.962891;190.410004;4127.667969
776;1706201370.437733496;1532.864014;2376.000977;191.199005;4100.063965
777;1706201370.457792436;1543.663940;2374.236084;189.496002;4107.395996
778;1706201370.477851697;1548.890991;2371.339111;189.434006;4109.664062
779;1706201370.497910788;1578.944946;2374.249023;190.363007;4143.557129
780;1706201370.517970059;1541.749023;2377.678955;190.315002;4109.743164
781;1706201370.538028879;1551.161987;2381.085938;192.792007;4125.040039
782;1706201370.558087830;1576.746948;2373.339111;189.511993;4139.598145
783;1706201370.578120798;1528.086060;2373.447998;189.542999;4091.077148
784;1706201370.598179789;1540.786011;2376.728027;193.737000;4111.250977
785;1706201370.618238560;1549.968018;2372.050049;189.542999;4111.561035
786;1706201370.638297640;1565.319946;2374.236084;189.244995;4128.800781
787;1706201370.658356671;1527.066040;2371.252930;190.347000;4088.666016
788;1706201370.678415942;1551.060059;2374.267090;189.529007;4114.856445
789;1706201370.698474793;1577.812988;2375.945068;189.511993;4143.270020
790;1706201370.718533823;1527.946045;2379.239990;192.807007;4099.993164
791;1706201370.738593004;1547.276978;2373.620117;192.759995;4113.657227
792;1706201370.758652395;1554.161987;2371.154053;189.496002;4114.812012
793;1706201370.778710505;1579.770020;2371.957031;190.345993;4142.073242
794;1706201370.798769866;1529.982056;2372.571045;189.511993;4092.064941
795;1706201370.818828787;1566.812988;2375.153076;189.511993;4131.478027
796;1706201370.838887138;1563.116943;2374.591064;190.440994;4128.148926
797;1706201370.858945938;1532.520020;2375.313965;191.610992;4099.445312
798;1706201370.879005509;1542.328003;2375.052979;188.315994;4105.696777
799;1706201370.899064420;1560.465942;2373.633057;189.511993;4123.610840
800;1706201370.919123911;1575.942993;2375.792969;189.542999;4141.278809
801;1706201370.939182551;1533.506958;2373.833984;190.427002;4097.768066
802;1706201370.959241092;1557.267944;2379.290039;195.516998;4132.075195
803;1706201370.979300013;1562.000000;2379.238037;193.610001;4134.848145
804;1706201370.999359404;1541.193970;2380.204102;192.477997;4113.875977
805;1706201371.019418344;1556.993042;2373.664062;189.542999;4120.200195
806;1706201371.039477485;1564.435059;2375.313965;192.807007;4132.556152
807;1706201371.059536876;1567.748047;2372.670898;192.807007;4133.226074
808;1706201371.079595586;1536.411987;2373.650879;191.199005;4101.261719
809;1706201371.099654647;1568.135986;2371.722900;188.315994;4128.174805
810;1706201371.119713868;1574.364014;2375.962891;189.496002;4139.823242
811;1706201371.139772449;1539.725952;2371.154053;190.410004;4101.290039
812;1706201371.159831359;1539.093994;2379.589111;191.610992;4110.293945
813;1706201371.179890510;1570.488037;2375.962891;190.380005;4136.831055
814;1706201371.199949931;1525.213013;2372.863037;189.529007;4087.604980
815;1706201371.220008912;1536.907959;2379.196045;193.610001;4109.713867
816;1706201371.240067912;1549.737061;2373.712891;190.363007;4113.812988
817;1706201371.260127543;1576.956055;2376.794922;192.839005;4146.589844
818;1706201371.280186794;1528.970947;2376.792969;190.380005;4096.143555
819;1706201371.300245575;1540.802979;2370.417969;186.216995;4097.437988
820;1706201371.320304535;1571.125977;2371.154053;188.253006;4130.533203
821;1706201371.340363666;1527.250977;2374.267090;189.511993;4091.030029
822;1706201371.360422927;1543.503052;2375.094971;189.529007;4108.126953
823;1706201371.380481758;1552.619995;2375.405029;188.253998;4116.278809
824;1706201371.400541298;1574.689941;2375.883057;191.289993;4141.863281
825;1706201371.420600159;1532.326050;2372.000977;189.119003;4093.445801
826;1706201371.440658820;1557.947998;2373.695068;189.496002;4121.139160
827;1706201371.460717420;1561.442017;2376.730957;190.393005;4128.565918
828;1706201371.480775971;1534.900024;2371.141113;189.559998;4095.601074
829;1706201371.500835252;1541.276978;2373.418945;189.529007;4104.225098
830;1706201371.520894353;1550.938965;2371.957031;190.363007;4113.258789
831;1706201371.540953243;1565.170044;2376.634033;192.462006;4134.266113
832;1706201371.561012824;1548.677979;2376.730957;191.322006;4116.730957
833;1706201371.581071685;1545.199951;2375.900879;189.496002;4110.596680
834;1706201371.601131036;1564.207031;2375.945068;190.063995;4130.215820
835;1706201371.621189986;1542.569946;2375.945068;189.529007;4108.043945
836;1706201371.641249707;1555.642944;2373.398926;189.513000;4118.554688
837;1706201371.661308488;1568.796021;2371.202881;190.410995;4130.409668
838;1706201371.681368059;1567.245972;2380.137939;192.792007;4140.175781
839;1706201371.701426889;1555.609985;2379.239990;193.641998;4128.492188
840;1706201371.721486170;1562.916016;2371.108887;189.529007;4123.553711
841;1706201371.741544661;1574.875977;2371.154053;189.167007;4135.197266
842;1706201371.761603191;1537.800049;2375.900879;191.322006;4105.022949
843;1706201371.781662312;1540.260986;2373.418945;189.511993;4103.191895
844;1706201371.801721873;1550.972046;2375.993896;189.197998;4116.164062
845;1706201371.821780844;1583.904053;2375.447021;190.410004;4149.760742
846;1706201371.841839944;1535.734009;2372.000977;190.410004;4098.145020
847;1706201371.861899075;1550.099976;2373.436035;186.203003;4109.739258
848;1706201371.881958496;1563.126953;2375.945068;190.348999;4129.420898
849;1706201371.902017247;1532.517944;2371.092041;188.302002;4091.912109
850;1706201371.922075917;1539.103027;2373.418945;190.410004;4102.931641
851;1706201371.942132838;1565.739014;2375.388916;189.511993;4130.639648
852;1706201371.962191569;1546.988037;2374.187012;190.427002;4111.602051
853;1706201371.982249739;1538.943970;2374.560059;190.393005;4103.896973
854;1706201372.002308170;1554.345947;2373.431885;191.246994;4119.024902
855;1706201372.022366921;1561.776001;2375.215088;189.451004;4126.441895
856;1706201372.042425811;1533.885986;2373.436035;186.216995;4093.539062
857;1706201372.062485022;1555.751953;2373.356934;190.298996;4119.408203
858;1706201372.082543333;1571.836060;2373.398926;189.511993;4134.747070
859;1706201372.102601563;1526.889038;2373.695068;189.468002;4090.052246
860;1706201372.122660424;1545.015991;2371.172119;189.481995;4105.669922
861;1706201372.142719605;1559.333984;2376.811035;190.363007;4126.507812
862;1706201372.162778176;1564.129028;2371.172119;189.119003;4124.419922
863;1706201372.182836306;1534.197021;2371.722900;188.315994;4094.235840
864;1706201372.202895567;1557.086060;2373.650879;189.544006;4120.280762
865;1706201372.222954218;1573.678955;2374.267090;189.496002;4137.442383
866;1706201372.243012428;1528.417969;2376.139893;192.807007;4097.364746
867;1706201372.263070669;1553.189941;2375.943115;190.363007;4119.496094
868;1706201372.283130080;1552.469971;2373.650879;189.529007;4115.649902
869;1706201372.303189140;1565.821045;2376.714111;193.705002;4136.240234
870;1706201372.323248561;1543.235962;2370.971924;187.067993;4101.275879
871;1706201372.343307352;1552.318970;2373.695068;189.464996;4115.479004
872;1706201372.363366223;1565.011963;2373.339111;189.496002;4127.847168
873;1706201372.383425073;1524.333008;2377.500000;193.421005;4095.253906
874;1706201372.403484244;1547.944946;2374.205078;188.253006;4110.402832
875;1706201372.423543085;1562.755005;2380.105957;192.776001;4135.636719
876;1706201372.443602186;1577.620972;2373.695068;190.315002;4141.630859
877;1706201372.463661396;1546.456055;2370.306885;189.511993;4106.274902
878;1706201372.483720457;1559.792969;2379.258057;193.628006;4132.678711
879;1706201372.503779708;1580.290039;2373.521973;189.511993;4143.324219
880;1706201372.523838119;1546.765991;2374.249023;189.544006;4110.559082
881;1706201372.543897559;1551.338989;2371.938965;189.511993;4112.790039
882;1706201372.563956540;1551.282959;2372.031982;189.542999;4112.857910
883;1706201372.584015401;1586.159058;2376.749023;190.363007;4153.270996
884;1706201372.604074501;1540.630005;2373.650879;189.511993;4103.792969
885;1706201372.624133482;1555.512939;2375.883057;188.302002;4119.698242
886;1706201372.644191793;1582.862061;2373.712891;190.363007;4146.937988
887;1706201372.664250584;1541.380005;2374.205078;189.496002;4105.081055
888;1706201372.684309464;1539.432983;2377.854980;192.759995;4110.047852
889;1706201372.704369025;1556.849976;2370.245117;188.285995;4115.380859
890;1706201372.724427576;1526.244019;2376.062988;189.511993;4091.818848
891;1706201372.744486226;1555.786011;2374.249023;190.363007;4120.397949
892;1706201372.764545307;1552.253052;2374.280029;190.363007;4116.895996
893;1706201372.784604258;1562.631958;2376.792969;189.511993;4128.937012
894;1706201372.804662579;1527.250000;2376.749023;189.237000;4093.236084
895;1706201372.824721879;1553.035034;2373.449951;189.542999;4116.027832
896;1706201372.844780720;1557.556030;2376.842041;188.330994;4122.729004
897;1706201372.864839571;1527.588989;2377.008057;192.824005;4097.420898
898;1706201372.884898411;1553.613037;2370.789062;187.115005;4111.517090
899;1706201372.904957162;1572.355957;2375.900879;188.268997;4136.525879
900;1706201372.925015943;1565.441040;2376.062988;191.278000;4132.782227
901;1706201372.945074984;1543.579956;2373.712891;189.464996;4106.757812
902;1706201372.965133894;1544.875977;2376.652100;192.807007;4114.334961
903;1706201372.985192835;1579.175049;2376.792969;192.173996;4148.142090
904;1706201373.005252326;1525.213013;2377.481934;192.492004;4095.187012
905;1706201373.025311167;1536.217041;2375.900879;189.511993;4101.629883
906;1706201373.045370397;1552.972046;2373.634033;192.839005;4119.445312
907;1706201373.065429368;1565.342041;2370.303955;188.332001;4123.978027
908;1706201373.085487819;1528.446045;2376.811035;189.182999;4094.440186
909;1706201373.105547230;1541.286987;2368.644043;186.186996;4096.118164
910;1706201373.125606570;1581.317993;2371.168945;189.529007;4142.016113
911;1706201373.145665231;1528.587036;2375.962891;189.472000;4094.021973
912;1706201373.165724132;1542.858032;2375.388916;189.496002;4107.743164
913;1706201373.185782762;1549.395996;2375.847900;193.658005;4118.901855
914;1706201373.205841103;1574.322021;2373.650879;189.511993;4137.484863
915;1706201373.225900844;1533.161987;2372.019043;189.481995;4094.663086
916;1706201373.245960065;1556.078003;2373.814941;189.511993;4119.404785
917;1706201373.266018865;1570.583984;2375.993896;191.306000;4137.883789
918;1706201373.286077516;1531.849976;2374.187012;189.518997;4095.556152
919;1706201373.306120275;1539.930054;2380.870117;192.807007;4113.607422
920;1706201373.326178776;1567.791992;2372.050049;189.496002;4129.337891
921;1706201373.346237547;1581.636963;2370.324951;189.464996;4141.426758
922;1706201373.366296747;1549.839966;2375.313965;192.807007;4117.960938
923;1706201373.386356188;1552.469971;2375.094971;191.244003;4118.808594
924;1706201373.406415059;1560.963989;2372.569092;189.511993;4123.044922
925;1706201373.426474010;1526.404053;2377.715088;192.839005;4096.958008
926;1706201373.446532060;1540.124023;2373.540039;191.610992;4105.275391
927;1706201373.466590871;1568.077026;2375.883057;189.481995;4133.441895
928;1706201373.486650282;1525.230957;2374.298096;188.347000;4087.875977
929;1706201373.506709132;1538.605957;2374.298096;189.496002;4102.400391
930;1706201373.526767393;1552.951050;2378.562012;189.496002;4121.009277
931;1706201373.546826634;1577.383057;2373.418945;192.220001;4143.021973
932;1706201373.566885404;1528.442017;2377.683105;194.901001;4101.025879
933;1706201373.586944885;1560.511963;2373.712891;190.410004;4124.634766
934;1706201373.607003836;1567.613037;2373.387939;189.542999;4130.543945
935;1706201373.627063037;1529.139038;2379.258057;192.462006;4100.858887
936;1706201373.647121927;1556.973999;2375.900879;190.347000;4123.221680
937;1706201373.667180828;1553.961060;2377.008057;193.593994;4124.562988
938;1706201373.687240389;1579.765991;2374.449951;190.345993;4144.562012
939;1706201373.707299550;1549.683960;2372.019043;189.511993;4111.214844
940;1706201373.727358160;1542.869019;2371.092041;188.302002;4102.263184
941;1706201373.747416841;1569.260010;2375.962891;189.214005;4134.437012
942;1706201373.767476012;1528.597046;2375.962891;189.511993;4094.071777
943;1706201373.787534222;1549.484009;2374.249023;190.347000;4114.080078
944;1706201373.807593603;1551.265991;2374.249023;189.511993;4115.026855
945;1706201373.827652374;1565.015991;2372.019043;190.369995;4127.405273
946;1706201373.847710675;1527.578003;2371.835938;189.529007;4088.942871
947;1706201373.867769775;1545.834961;2376.811035;189.511993;4112.158203
948;1706201373.887828336;1569.295044;2375.945068;190.315002;4135.555176
949;1706201373.907887177;1541.714966;2371.092041;189.167007;4101.974121
950;1706201373.927946298;1534.989990;2376.652100;192.807007;4104.449219
951;1706201373.948005248;1561.339966;2375.945068;190.363007;4127.647949
952;1706201373.968063929;1560.394043;2377.759033;191.643005;4129.795898
953;1706201373.988123330;1537.581055;2376.714111;193.658005;4107.953125
954;1706201374.008182560;1560.369995;2372.019043;188.302002;4120.690918
955;1706201374.028242281;1562.196045;2371.202881;192.203995;4125.603027
956;1706201374.048301812;1545.779053;2376.842041;189.496002;4112.117188
957;1706201374.068361033;1537.754028;2373.400879;189.498001;4100.652832
958;1706201374.088420024;1562.503052;2373.400879;190.363007;4126.267090
959;1706201374.108479554;1565.319946;2371.847900;187.115005;4124.282715
960;1706201374.128538725;1535.218018;2373.418945;191.212997;4099.849609
961;1706201374.148597696;1550.764038;2374.560059;190.427002;4115.750977
962;1706201374.168656516;1575.209961;2367.814941;186.201004;4129.225586
963;1706201374.188715307;1526.042969;2369.475098;189.511993;4085.030029
964;1706201374.208774168;1553.578003;2375.962891;190.393005;4119.934082
965;1706201374.228833459;1552.630005;2375.945068;190.410004;4118.984863
966;1706201374.248892309;1550.719971;2373.418945;189.513000;4113.651855
967;1706201374.268950860;1555.941040;2373.418945;191.261002;4120.621094
968;1706201374.289009721;1552.630005;2372.019043;189.229996;4113.878906
969;1706201374.309068742;1575.744995;2371.172119;189.464996;4136.382324
970;1706201374.329128282;1530.015991;2378.701904;194.572998;4103.291016
971;1706201374.349187783;1556.088989;2377.562012;191.626999;4125.277832
972;1706201374.369247574;1572.524048;2377.562012;192.776993;4142.863281
973;1706201374.389307025;1548.677979;2373.726074;188.330994;4110.735352
974;1706201374.409366165;1540.776001;2371.635986;190.440994;4102.853027
975;1706201374.429425256;1554.515991;2374.499023;192.839005;4121.854004
976;1706201374.449484397;1576.194946;2373.518066;192.744003;4142.457031
977;1706201374.469543138;1546.461060;2373.236084;190.410004;4110.106934
978;1706201374.489602388;1554.188965;2371.835938;189.451004;4115.475586
979;1706201374.509660839;1575.209961;2380.462891;189.544006;4145.216797
980;1706201374.529720350;1544.308960;2375.900879;188.268997;4108.479004
981;1706201374.549778900;1536.556030;2377.500000;192.776993;4106.833008
982;1706201374.569838021;1550.453003;2368.365967;186.216995;4105.036133
983;1706201374.589897222;1566.015991;2380.385010;189.496002;4135.896973
984;1706201374.609955613;1528.781982;2373.712891;190.347000;4092.841797
985;1706201374.630014403;1555.576050;2377.562012;192.807007;4125.945312
986;1706201374.650073374;1576.744019;2374.249023;190.315002;4141.308105
987;1706201374.670113603;1527.066040;2371.274902;190.347000;4088.687988
988;1706201374.690172124;1552.050049;2374.249023;189.167007;4115.465820
989;1706201374.710231034;1556.579956;2377.579102;188.270004;4122.429199
990;1706201374.730290015;1566.213013;2376.792969;189.511993;4132.518066
991;1706201374.750348756;1543.043945;2375.962891;189.126007;4108.132812
992;1706201374.770407757;1562.692017;2373.650879;190.393005;4126.735840
993;1706201374.790466307;1579.306030;2372.509033;188.315994;4140.130859
994;1706201374.810525628;1527.102051;2374.267090;189.511993;4090.881104
995;1706201374.830584059;1550.427002;2370.337891;189.496002;4110.260742
996;1706201374.850643639;1568.786011;2374.266113;192.791000;4135.843262
997;1706201374.870702320;1584.256958;2373.650879;189.481995;4147.389648
998;1706201374.890760911;1533.031006;2373.695068;189.511993;4096.238281
999;1706201374.910820382;1564.699951;2375.945068;189.511993;4130.157227
1000;1706201374.930879302;1573.139038;2369.457031;189.511993;4132.107910
1001;1706201374.950938223;1543.052002;2371.938965;189.182999;4104.173828
1002;1706201374.970996724;1543.880981;2373.695068;189.496002;4107.072266
1003;1706201374.991056015;1553.534058;2376.158936;190.384995;4120.078125
1004;1706201375.011115405;1580.473999;2367.814941;187.052002;4135.340820
1005;1706201375.031174196;1537.241943;2375.945068;189.511993;4102.699219
1006;1706201375.051232997;1553.828003;2380.968018;192.776001;4127.572266
1007;1706201375.071292517;1567.404053;2373.449951;190.410995;4131.264648
1008;1706201375.091352148;1530.670044;2371.969971;190.440994;4093.081055
1009;1706201375.111411499;1557.817993;2374.267090;190.332001;4122.416992
1010;1706201375.131470600;1575.055054;2377.481934;192.791000;4145.328125
1011;1706201375.151529120;1526.749023;2371.969971;189.156998;4087.875977
1012;1706201375.171588411;1535.709961;2373.418945;191.261002;4100.389648
1013;1706201375.191647822;1552.479980;2371.168945;188.315994;4111.964844
1014;1706201375.211706793;1588.829956;2374.446045;193.722000;4156.998047
1015;1706201375.231765753;1530.853027;2371.110107;188.332001;4090.295166
1016;1706201375.251824714;1549.418945;2374.249023;190.395996;4114.063965
1017;1706201375.271883895;1561.314941;2376.989990;192.462006;4130.766602
1018;1706201375.291943316;1540.343018;2379.209961;192.839996;4112.393066
1019;1706201375.312002596;1535.709961;2374.249023;189.511993;4099.470703
1020;1706201375.332061617;1553.343994;2368.753906;187.145004;4109.243164
1021;1706201375.352120268;1582.380981;2375.459961;189.542999;4147.383789
1022;1706201375.372178739;1532.141968;2373.233887;189.167007;4094.542969
1023;1706201375.392237659;1544.170044;2376.811035;189.511993;4110.493164
1024;1706201375.412296670;1561.066040;2375.879883;192.494003;4129.439941
1025;1706201375.432355851;1529.958008;2373.631104;195.483994;4099.073242
1026;1706201375.452414281;1555.293945;2370.043945;187.115005;4112.453125
1027;1706201375.472473262;1555.699951;2375.945068;189.511993;4121.157227
1028;1706201375.492532033;1562.781982;2373.356934;189.511993;4125.650879
1029;1706201375.512590674;1532.644043;2371.154053;188.268997;4092.067139
1030;1706201375.532650054;1551.812988;2377.864014;188.315994;4117.993164
1031;1706201375.552708445;1571.156982;2373.356934;190.380005;4134.893555
1032;1706201375.572767366;1526.968994;2370.355957;189.542999;4086.867920
1033;1706201375.592826776;1551.659058;2370.989014;190.315002;4112.962891
1034;1706201375.612885157;1569.140015;2373.356934;190.363007;4132.859863
1035;1706201375.632944048;1577.404053;2371.957031;192.156006;4141.517090
1036;1706201375.653001999;1543.034058;2377.500000;192.509003;4113.042969
1037;1706201375.673061439;1570.329956;2371.172119;191.244003;4132.746094
1038;1706201375.693120750;1579.206055;2370.124023;186.216995;4135.546875
1039;1706201375.713179731;1543.979980;2376.714111;194.617004;4115.311035
1040;1706201375.733238361;1555.858032;2374.187012;190.363007;4120.408203
1041;1706201375.753297642;1572.203979;2372.490967;189.449005;4134.144043
1042;1706201375.773355963;1577.723022;2374.560059;190.363007;4142.645996
1043;1706201375.793415024;1552.693970;2371.092041;193.434006;4117.220215
1044;1706201375.813474074;1570.663940;2375.962891;190.363007;4136.989746
1045;1706201375.833532625;1577.380005;2374.267090;188.253006;4139.899902
1046;1706201375.853591356;1534.229980;2376.652100;193.658005;4104.540039
1047;1706201375.873650316;1545.563965;2369.459961;189.511993;4104.536133
1048;1706201375.893708927;1572.682007;2376.696045;192.807007;4142.185059
1049;1706201375.913767858;1541.380005;2369.478027;190.363007;4101.221191
1050;1706201375.933826969;1548.980957;2373.743896;191.292007;4114.016602
1051;1706201375.953885739;1555.005981;2373.712891;190.427002;4119.145996
1052;1706201375.973944470;1577.939941;2373.400879;188.315994;4139.656738
1053;1706201375.994003261;1540.534058;2373.418945;189.511993;4103.464844
1054;1706201376.014062221;1558.519043;2377.500000;193.641998;4129.661133
1055;1706201376.034113311;1574.718018;2376.145996;190.315002;4141.178711
1056;1706201376.054172422;1543.418945;2372.019043;188.332001;4103.770020
1057;1706201376.074231343;1564.383057;2372.602051;190.393997;4127.378906
1058;1706201376.094290204;1560.152954;2381.035889;192.759995;4133.948730
1059;1706201376.114349344;1574.030029;2376.355957;188.315994;4138.702148
1060;1706201376.134407875;1529.787964;2373.712891;190.347000;4093.847656
1061;1706201376.154467086;1543.166992;2377.836914;193.658005;4114.662109
1062;1706201376.174526076;1562.281006;2375.900879;188.300003;4126.481934
1063;1706201376.194585527;1541.036011;2381.312988;189.511993;4111.860840
1064;1706201376.214644208;1538.733032;2374.591064;190.440994;4103.765137
1065;1706201376.234703189;1564.152954;2373.418945;189.466003;4127.038086
1066;1706201376.254762239;1562.207031;2373.356934;189.511993;4125.076172
1067;1706201376.274821320;1552.055054;2372.552979;188.315994;4112.923828
1068;1706201376.294880161;1563.365967;2375.895996;192.792007;4132.053711
1069;1706201376.314939102;1561.089966;2374.187012;188.270996;4123.547852
1070;1706201376.334998002;1534.239990;2376.044922;189.513000;4099.797852
1071;1706201376.355057223;1539.916016;2377.575928;192.839005;4110.331055
1072;1706201376.375115774;1562.563965;2371.202881;189.542999;4123.309570
1073;1706201376.395175075;1564.113037;2373.695068;189.464996;4127.273438
1074;1706201376.415234075;1533.031006;2378.407959;192.759995;4104.199219
1075;1706201376.435292716;1566.277954;2374.298096;190.423996;4131.000000
1076;1706201376.455351077;1573.843994;2376.746094;192.792007;4143.381836
1077;1706201376.475410067;1525.933960;2376.065918;189.464996;4091.464844
1078;1706201376.495468498;1538.749023;2376.928955;192.839005;4108.517090
1079;1706201376.515527739;1552.972046;2370.306885;190.298004;4113.577148
1080;1706201376.535587180;1585.416016;2373.418945;191.212997;4150.047852
1081;1706201376.555645660;1539.083984;2375.406982;188.315994;4102.806641
1082;1706201376.575704441;1561.983032;2374.205078;189.498001;4125.686035
1083;1706201376.595763552;1576.725952;2373.650879;189.464996;4139.841797
1084;1706201376.615822442;1541.442017;2371.957031;188.268997;4101.667969
1085;1706201376.635881053;1541.973999;2368.706055;186.169998;4096.850098
1086;1706201376.655940034;1572.671997;2375.313965;192.791000;4140.776855
1087;1706201376.675998314;1543.753052;2374.249023;190.363998;4108.366211
1088;1706201376.696057415;1550.313965;2372.019043;189.464996;4111.797852
1089;1706201376.716116066;1560.284058;2372.050049;189.542999;4121.876953
1090;1706201376.736174977;1565.676025;2379.290039;192.839005;4137.805176
1091;1706201376.756233387;1523.371948;2375.113037;189.511993;4087.997070
1092;1706201376.776292408;1552.550049;2374.236084;189.246002;4116.032227
1093;1706201376.796351499;1558.560059;2371.835938;188.276001;4118.671875
1094;1706201376.816410059;1541.562012;2374.267090;189.464996;4105.293945
1095;1706201376.836469940;1575.594971;2372.356934;189.496002;4137.448242
1096;1706201376.856539792;1926.274048;2373.418945;189.511993;4489.205078
1097;1706201376.876602443;1613.166992;2375.345947;194.018997;4182.532227
1098;1706201376.896662274;1541.008057;2374.249023;188.315994;4103.573242
1099;1706201376.916721095;1551.352051;2371.722900;188.302002;4111.376953
1100;1706201376.936780375;1565.858032;2373.418945;190.410004;4129.687012
1101;1706201376.956839076;1538.813965;2372.019043;190.427002;4101.259766
1102;1706201376.976897937;1554.572021;2376.792969;189.216003;4120.581055
1103;1706201376.996956678;1551.618042;2374.267090;190.363007;4116.248047
1104;1706201377.017015308;1567.576050;2373.429932;191.352997;4132.358887
1105;1706201377.037073799;1549.338013;2370.105957;186.201004;4105.645020
1106;1706201377.057133550;1562.874023;2376.062988;188.315994;4127.252930
1107;1706201377.077192750;1576.613037;2374.267090;190.410004;4141.290039
1108;1706201377.097252081;1544.128052;2372.571045;190.363007;4107.062012
1109;1706201377.117310722;1552.167969;2372.050049;189.542999;4113.760742
1110;1706201377.137370323;1570.329956;2373.712891;189.511993;4133.554688
1111;1706201377.157429553;1581.671997;2373.418945;189.511993;4144.603027
1112;1706201377.177488744;1542.689941;2373.827881;189.197998;4105.715820
1113;1706201377.197547425;1559.114014;2372.000977;189.466003;4120.581055
1114;1706201377.217606286;1582.517944;2375.962891;189.511993;4147.992676
1115;1706201377.237665296;1541.380005;2373.418945;189.464996;4104.264160
1116;1706201377.257724647;1554.906006;2375.914062;189.542999;4120.363281
1117;1706201377.277782898;1566.609985;2376.714111;193.675003;4136.999023
1118;1706201377.297842008;1578.390015;2374.187012;190.380005;4142.957031
1119;1706201377.317900839;1550.994995;2374.249023;188.315994;4113.560059
1120;1706201377.337959750;1559.953979;2372.968018;190.098999;4123.020996
1121;1706201377.358019231;1570.083984;2370.324951;193.022995;4133.431641
1122;1706201377.378078791;1541.875000;2372.050049;189.496002;4103.420898
1123;1706201377.398113230;1543.527954;2374.541992;188.268997;4106.338867
1124;1706201377.418172241;1567.961060;2374.280029;188.347000;4130.587891
1125;1706201377.438231461;1545.259033;2372.509033;190.315994;4108.083984
1126;1706201377.458289842;1542.840942;2372.844971;189.511993;4105.197754
1127;1706201377.478349093;1548.276978;2377.562012;194.542007;4120.380859
1128;1706201377.498408443;1573.860962;2375.016113;191.610992;4140.488281
1129;1706201377.518466964;1527.433960;2373.449951;188.347000;4089.230957
1130;1706201377.538525605;1538.239014;2376.811035;188.315994;4103.366211
1131;1706201377.558584826;1558.385986;2371.154053;189.119003;4118.659180
1132;1706201377.578643376;1539.547974;2373.664062;189.197998;4102.410156
1133;1706201377.598702437;1540.291992;2370.092041;186.246994;4096.630859
1134;1706201377.618761818;1550.909058;2373.695068;189.513000;4114.117188
1135;1706201377.638820789;1574.246948;2375.962891;189.511993;4139.721680
1136;1706201377.658879209;1537.095947;2374.560059;189.182999;4100.838867
1137;1706201377.678938070;1549.447998;2372.571045;188.315994;4110.334961
1138;1706201377.698997341;1566.588013;2370.322021;190.347000;4127.256836
1139;1706201377.719055721;1527.037964;2371.141113;189.542999;4087.722168
1140;1706201377.739114642;1542.385986;2374.187012;189.167007;4105.740234
1141;1706201377.759174203;1571.510010;2377.500000;192.792999;4141.802734
1142;1706201377.779233034;1576.417969;2373.431885;189.542999;4139.392578
1143;1706201377.799291804;1529.697998;2379.290039;193.753998;4102.742188
1144;1706201377.819350765;1564.407959;2374.267090;190.363007;4129.038086
1145;1706201377.839409806;1560.711060;2375.718018;188.315994;4124.745117
1146;1706201377.859469377;1538.645996;2372.139893;188.268997;4099.054688
1147;1706201377.879528107;1539.594971;2374.345947;188.332993;4102.273926
1148;1706201377.899586748;1572.365967;2371.722900;190.315002;4134.403809
1149;1706201377.919645669;1574.680054;2375.498047;189.149994;4139.328125
1150;1706201377.939704629;1551.521973;2374.298096;190.444000;4116.264160
1151;1706201377.959763960;1570.663940;2372.050049;188.332993;4131.046875
1152;1706201377.979823121;1562.281006;2374.498047;189.449005;4126.228027
1153;1706201377.999881982;1531.645020;2375.266113;193.737000;4100.648438
1154;1706201378.019940792;1540.134033;2374.280029;189.496002;4103.910156
1155;1706201378.039999593;1574.182007;2380.462891;191.559006;4146.204102
1156;1706201378.060058224;1572.328979;2374.187012;189.464996;4135.980957
1157;1706201378.080117384;1557.630005;2375.803955;193.617004;4127.050781
1158;1706201378.100175855;1553.326050;2372.019043;189.481995;4114.827148
1159;1706201378.120234506;1578.604004;2375.962891;189.511993;4144.079102
1160;1706201378.140293197;1532.105957;2375.883057;188.315994;4096.304688
1161;1706201378.160352637;1550.342041;2376.693115;190.393005;4117.428223
1162;1706201378.180411578;1558.051025;2373.387939;190.393997;4121.833008
1163;1706201378.200470349;1528.270020;2374.205078;189.134995;4091.610107
1164;1706201378.220529239;1554.428955;2376.811035;189.511993;4120.751953
1165;1706201378.240588310;1565.755981;2375.976074;189.526993;4131.259277
1166;1706201378.260646571;1564.808960;2378.762939;191.292007;4134.863770
1167;1706201378.280705692;1544.595947;2374.649902;192.759995;4112.005859
1168;1706201378.300764342;1558.819946;2369.214111;186.216995;4114.250977
1169;1706201378.320823513;1555.134033;2368.724121;187.412994;4111.271484
1170;1706201378.340882314;1541.380005;2372.490967;188.315994;4102.187012
1171;1706201378.360940604;1563.837036;2371.001953;184.988007;4119.827148
1172;1706201378.380999755;1556.197021;2373.356934;189.511993;4119.065918
1173;1706201378.401058776;1564.720947;2375.865967;192.807007;4133.393555
1174;1706201378.421117277;1528.942017;2378.793945;190.423996;4098.160156
1175;1706201378.441176007;1552.005981;2373.743896;188.363007;4114.112793
1176;1706201378.461234708;1572.839966;2370.324951;190.444000;4133.608887
1177;1706201378.481293689;1525.178955;2374.267090;188.300003;4087.746094
1178;1706201378.501352249;1550.805054;2375.962891;189.496002;4116.264160
1179;1706201378.521410840;1565.790039;2375.900879;188.300003;4129.991211
1180;1706201378.541469581;1561.828979;2370.322021;189.494995;4121.645996
1181;1706201378.561529232;1551.999023;2372.000977;190.410004;4114.410156
1182;1706201378.581588202;1556.093018;2371.654053;188.363007;4116.110352
1183;1706201378.601647673;1559.547974;2374.480957;191.643005;4125.671875
1184;1706201378.621706634;1542.906982;2371.674072;189.542999;4104.124023
1185;1706201378.641765514;1550.307983;2375.883057;189.498001;4115.688965
1186;1706201378.661824745;1551.784058;2374.591064;189.498993;4115.874023
1187;1706201378.681884406;1581.141968;2380.590088;188.347000;4150.079102
1188;1706201378.701943537;1537.046997;2371.756104;190.410004;4099.212891
1189;1706201378.722001837;1559.462036;2373.339111;189.544006;4122.345215
1190;1706201378.742060608;1576.620972;2373.681885;189.542999;4139.845703
1191;1706201378.762113368;1526.738037;2373.743896;189.542999;4090.024902
1192;1706201378.782172349;1553.443970;2372.201904;189.464996;4115.110840
1193;1706201378.802231550;1559.056030;2373.356934;189.197006;4121.609863
1194;1706201378.822290350;1570.886963;2371.988037;189.567001;4132.441895
1195;1706201378.842349931;1554.255981;2372.050049;190.393997;4116.700195
1196;1706201378.862408462;1553.475952;2378.347900;191.610992;4123.435059
1197;1706201378.882466893;1585.213989;2374.267090;189.464996;4148.946289
1198;1706201378.902526053;1542.703979;2375.993896;188.347000;4107.044922
1199;1706201378.922585824;1549.495972;2377.562012;192.477997;4119.536133
